{
  "rmse": 53.85344583676593,
  "mae": 42.794094679599944,
  "r2": 0.45260276297191937,
  "n_test_samples": 89
}